{
  "version": "7",
  "dialect": "mysql",
  "entries": [
    {
      "idx": 0,
      "version": "5",
      "when": 1767828235621,
      "tag": "0000_majestic_proudstar",
      "breakpoints": true
    },
    {
      "idx": 1,
      "version": "5",
      "when": 1767828338619,
      "tag": "0001_colossal_union_jack",
      "breakpoints": true
    },
    {
      "idx": 2,
      "version": "5",
      "when": 1767882562779,
      "tag": "0002_nifty_retro_girl",
      "breakpoints": true
    },
    {
      "idx": 3,
      "version": "5",
      "when": 1767883539358,
      "tag": "0003_misty_wrecker",
      "breakpoints": true
    },
    {
      "idx": 4,
      "version": "5",
      "when": 1767883864173,
      "tag": "0004_closed_nekra",
      "breakpoints": true
    },
    {
      "idx": 5,
      "version": "5",
      "when": 1767886406434,
      "tag": "0005_volatile_pestilence",
      "breakpoints": true
    },
    {
      "idx": 6,
      "version": "5",
      "when": 1767888094144,
      "tag": "0006_lonely_siren",
      "breakpoints": true
    },
    {
      "idx": 7,
      "version": "5",
      "when": 1767934954672,
      "tag": "0007_luxuriant_drax",
      "breakpoints": true
    },
    {
      "idx": 8,
      "version": "5",
      "when": 1767939043518,
      "tag": "0008_lowly_alex_wilder",
      "breakpoints": true
    },
    {
      "idx": 9,
      "version": "5",
      "when": 1767955364824,
      "tag": "0009_nasty_weapon_omega",
      "breakpoints": true
    },
    {
      "idx": 10,
      "version": "5",
      "when": 1767961641885,
      "tag": "0010_lame_queen_noir",
      "breakpoints": true
    },
    {
      "idx": 11,
      "version": "5",
      "when": 1768035158574,
      "tag": "0011_solid_stone_men",
      "breakpoints": true
    },
    {
      "idx": 12,
      "version": "5",
      "when": 1768125934274,
      "tag": "0012_faulty_brother_voodoo",
      "breakpoints": true
    },
    {
      "idx": 13,
      "version": "5",
      "when": 1768145982162,
      "tag": "0013_tearful_the_hand",
      "breakpoints": true
    },
    {
      "idx": 14,
      "version": "5",
      "when": 1768167430796,
      "tag": "0014_left_vanisher",
      "breakpoints": true
    },
    {
      "idx": 15,
      "version": "5",
      "when": 1768631309854,
      "tag": "0015_flowery_vulcan",
      "breakpoints": true
    },
    {
      "idx": 16,
      "version": "5",
      "when": 1768634346751,
      "tag": "0016_regular_ogun",
      "breakpoints": true
    },
    {
      "idx": 17,
      "version": "5",
      "when": 1768634534351,
      "tag": "0017_strange_sabra",
      "breakpoints": true
    },
    {
      "idx": 18,
      "version": "5",
      "when": 1768636540608,
      "tag": "0018_smooth_zaladane",
      "breakpoints": true
    },
    {
      "idx": 19,
      "version": "5",
      "when": 1768637497548,
      "tag": "0019_gifted_giant_girl",
      "breakpoints": true
    },
    {
      "idx": 20,
      "version": "5",
      "when": 1768652601577,
      "tag": "0020_cultured_microbe",
      "breakpoints": true
    },
    {
      "idx": 21,
      "version": "5",
      "when": 1768979159762,
      "tag": "0021_good_major_mapleleaf",
      "breakpoints": true
    },
    {
      "idx": 22,
      "version": "5",
      "when": 1768979334749,
      "tag": "0022_outgoing_hulk",
      "breakpoints": true
    },
    {
      "idx": 23,
      "version": "5",
      "when": 1769013281869,
      "tag": "0023_burly_iron_monger",
      "breakpoints": true
    },
    {
      "idx": 24,
      "version": "5",
      "when": 1769033940135,
      "tag": "0024_light_mandrill",
      "breakpoints": true
    },
    {
      "idx": 25,
      "version": "5",
      "when": 1769197810230,
      "tag": "0025_optimal_firebrand",
      "breakpoints": true
    },
    {
      "idx": 26,
      "version": "5",
      "when": 1769356307046,
      "tag": "0026_condemned_mandarin",
      "breakpoints": true
    },
    {
      "idx": 27,
      "version": "5",
      "when": 1769454316846,
      "tag": "0027_shiny_tomorrow_man",
      "breakpoints": true
    },
    {
      "idx": 28,
      "version": "5",
      "when": 1769454982867,
      "tag": "0028_open_shatterstar",
      "breakpoints": true
    },
    {
      "idx": 29,
      "version": "5",
      "when": 1769480124338,
      "tag": "0029_wealthy_gateway",
      "breakpoints": true
    },
    {
      "idx": 30,
      "version": "5",
      "when": 1769480250801,
      "tag": "0030_awesome_sentinels",
      "breakpoints": true
    },
    {
      "idx": 31,
      "version": "5",
      "when": 1769721500963,
      "tag": "0031_aspiring_marten_broadcloak",
      "breakpoints": true
    },
    {
      "idx": 32,
      "version": "5",
      "when": 1771541342479,
      "tag": "0032_gigantic_carmella_unuscione",
      "breakpoints": true
    },
    {
      "idx": 33,
      "version": "5",
      "when": 1771550437452,
      "tag": "0033_wooden_phil_sheldon",
      "breakpoints": true
    },
    {
      "idx": 34,
      "version": "5",
      "when": 1771774315934,
      "tag": "0034_organic_rictor",
      "breakpoints": true
    },
    {
      "idx": 35,
      "version": "5",
      "when": 1771777037471,
      "tag": "0035_breezy_master_chief",
      "breakpoints": true
    },
    {
      "idx": 36,
      "version": "5",
      "when": 1771870753687,
      "tag": "0036_happy_elektra",
      "breakpoints": true
    },
    {
      "idx": 37,
      "version": "5",
      "when": 1771876856070,
      "tag": "0037_amazing_switch",
      "breakpoints": true
    },
    {
      "idx": 38,
      "version": "5",
      "when": 1771900744633,
      "tag": "0038_swift_titanium_man",
      "breakpoints": true
    },
    {
      "idx": 39,
      "version": "5",
      "when": 1771901168445,
      "tag": "0039_broad_anita_blake",
      "breakpoints": true
    }
  ]
}